{"cameraMode":{"drawMode":0,"name":"Shaded","section":"Shading Mode"},"sceneLighting":true,"audioPlay":false,"sceneViewState":{"m_AlwaysRefresh":false,"showFog":true,"showSkybox":true,"showFlares":true,"showImageEffects":true,"showParticleSystems":true,"showVisualEffectGraphs":true,"m_FxEnabled":true},"in2DMode":false,"pivot":{"x":14.534972190856934,"y":1.0172797441482545,"z":-1.2771615982055665},"rotation":{"x":-0.03999275714159012,"y":0.8300099968910217,"z":-0.05980625003576279,"w":-0.5533144474029541},"size":1.1877353191375733,"orthographic":false}